{"cameraMode":{"drawMode":0,"name":"Shaded","section":"Shading Mode"},"sceneLighting":true,"audioPlay":false,"sceneViewState":{"m_AlwaysRefresh":false,"showFog":true,"showSkybox":true,"showFlares":true,"showImageEffects":true,"showParticleSystems":true,"showVisualEffectGraphs":true,"m_FxEnabled":true},"in2DMode":false,"pivot":{"x":-0.10222770273685456,"y":-0.07523584365844727,"z":0.8410141468048096},"rotation":{"x":-0.21898818016052247,"y":0.016681328415870668,"z":-0.0037451162934303285,"w":-0.9755802750587463},"size":1.1373690366744996,"orthographic":false}